0.344646643924,0.00307978843967,0.0475217077917,0.288215581589,0.17858494299,0.0165638804453,0,0.0434998328882,0.010149380358,0.000133237527713,0,0,0.085833120831,0.0249069357367,0.263560375654,37.5944577459,15.7850211066,21.8094366392,53.3794788525,109.918444622,38.7354207211,71.1830239007,148.653865343,55.0296178062,22.1603304048,32.8692874013,77.189948211,38.56136731,38.1190589148,0.442308395172,76.6804262247,95.1097546042,51.5650522154,43.5447023888,146.67480682,48.8084743583,40.7652275476,8.04324681078,89.5737019059,5.01462751755,2.99194386167,167.952779995,25.8131634487,109.919446661,38.733740507,5.09080063872,2.93664998186,159.486915899,38.4372937241,95.1238887392,51.5830294622,0.923066594386,0.373371375392,0.844453818071,0.408129653213,0.603399079731,0.571175289293,0.962995322074,0.357890257641,85.4743112545,0.265933124525,0.346293520553,1,0,0,1,1,1,1
0.165329348089,0,0.0482355966485,0.504735892937,0.50278296002,0.0070123156653,0,0.0974045109204,0.973837317096,0.00405511823888,0,0,0.0549992392336,0.0284305201803,0,59.505882136,24.3618774268,35.1440047092,83.8677595628,122.36607538,44.7424068576,77.6236685223,167.108482237,78.0584341348,30.8187285553,47.2397055795,108.87716269,54.9324671826,39.4474153189,15.4850518637,94.3798825015,101.680458954,46.0288519975,55.6516069563,147.709310951,63.2189306181,43.9259118832,19.293018735,107.144842501,4.94438188794,2.9651080245,130.26049196,24.1438674524,122.366646998,44.7439317392,5.08006334972,2.89416256282,128.251977616,33.0006930452,101.725518588,46.093510497,0.850860592535,0.19430838558,0.646644677484,0.255672634208,0.497315365492,0.332443675706,0.894624936297,0.184802973158,124.794128733,1,0.283059065005,0,0,0,0,0,0,0
0.457010481015,0.00168118334716,0.242887859003,0.212859459517,0,0,0,0,0,0.00175571277825,0,0,0.0830554993753,0.0185914233934,0.269797542433,39.3538507802,19.4173320398,19.9365187404,58.77118282,109.543386014,49.7534903329,59.7898956807,159.296876346,54.6428881687,27.7819646867,26.8609234819,82.4248528554,41.2422303585,34.1963557306,7.04587462799,75.4385860891,109.592341791,57.5766399097,52.015701881,167.1689817,53.470240865,38.3443907705,15.1258500945,91.8146316355,5.04994600408,2.98396615168,163.57697885,24.9730416301,109.544201276,49.7536589822,5.07893624779,2.96802306455,162.268658773,33.5907919879,109.597126641,57.5845151081,0.918514330896,0.497554001763,0.747442600368,0.611432210031,0.633924512845,0.720922557425,0.920286628238,0.49659580721,94.9486970932,0.518739790716,0.419375124606,1,0,0,1,0,0,0
0.513243865826,0.00571102681864,0.213780870156,0.251819183051,0.0797951265636,0,0,0.0175944616174,0.0072077640895,0.00128836626316,0,0.000315038187851,0,0.000728595219436,0.107021600812,46.3223913846,17.7119573711,28.6104340135,64.0343487557,116.075086666,43.5931244958,72.4819621702,159.668211162,51.4309233647,18.5730163828,32.8579069819,70.0039397474,40.365564998,17.2590870268,23.1064779712,57.6246520248,102.641858714,38.6069954699,64.0348632438,141.248854184,50.8052048638,18.0721009812,32.7331038826,68.8773058451,5.17765422047,2.96921404681,156.242754012,25.49937913,116.081769772,43.5826710782,5.07187900764,2.90900196418,158.343945925,28.2739276352,102.648278311,38.598299985,0.951710016606,0.539285976685,0.855409061728,0.599998163205,0.618139715459,0.830303979814,0.964610846842,0.532073496277,74.2216702026,0.347202216044,0.36167198655,1,1,0,1,1,1,1
0.390319467815,0.00945411422798,0.272883628373,0.373487225513,0,0,0,0,0,0.000196047372476,0,0.000303865332445,0.0714415436347,0.0267590370298,0.442831491224,37.5529789651,14.4549745201,23.098004445,52.0079534852,101.044905793,37.1719734226,63.8729323708,138.216879216,53.9716714325,17.5916689007,36.3800025318,71.5633403332,40.7172285217,38.8106989207,1.9065296011,79.5279274424,97.4461849775,48.1062526456,49.3399323319,145.552437623,51.7330035266,39.8669564324,11.8660470942,91.5999599591,4.97853365383,2.96468548255,158.160578166,30.3088913945,101.050710956,37.163383494,5.0515865779,2.92353987743,157.131407352,39.439641776,97.4573037079,48.1257469419,0.955995741727,0.40828578076,0.882989806355,0.442043005486,0.623938380205,0.625573742854,0.95760408636,0.407600044083,61.5465355553,0.437851921322,0.673195750808,1,0,0,1,1,1,1
0.553354263188,0.00947176186305,0.0943145082288,0,0,0,0,0,0,0.00547698176108,0,0,0,0.0030307112069,0.362116143472,38.852383345,21.5404826778,17.3119006672,60.3928660229,102.910982767,37.274137921,65.6368448465,140.185120688,52.2947860704,24.432822977,27.8619630934,76.7276090474,36.1490160903,18.2441212552,17.9048948351,54.3931373455,96.2688057161,34.8064572005,61.4623485156,131.075262917,46.8829533209,21.6876670462,25.1952862747,68.5706203671,5.04867359397,2.97062446584,160.620354368,29.4418135085,102.914963752,37.2818816186,5.08343661438,2.96194172305,162.336182406,28.4463490289,96.2715639694,34.8108694291,0.981534724154,0.563764326998,0.788692498183,0.701609644397,0.735647004491,0.752200797136,0.994046877711,0.55666817692,42.3385530239,0.558538696361,0.310021227798,1,0,0,1,1,1,1
0.543617702763,0.00592724036127,0.329240978817,0.0868466653413,0.0528305486086,0.0971832748272,0.000287610664279,0,0,0.00328873300214,0,0,0,0.00178781347962,0.18233164633,44.938588554,20.6854910798,24.2530974742,65.6240796337,114.443660745,45.9531619629,68.490498782,160.396822708,61.6609247405,26.7310208516,34.9299038888,88.3919455921,37.5836323227,18.451690886,19.1319414367,56.0353232087,89.4781176528,45.2566290776,44.2214885753,134.73474673,47.6087137539,25.8618849412,21.7468288127,73.4705986951,5.00945149471,2.95660792392,153.064007958,30.3795265913,114.495804553,45.8807214795,5.1018947855,2.89737897104,148.322293177,32.2072508745,89.5290274784,45.2061315972,0.952911357136,0.570480872845,0.779662734079,0.697247257053,0.711557680727,0.763982622192,0.987361532807,0.550576141262,56.5340534409,0.292184922897,0.269307551762,1,0,0,1,1,1,1
0.510725932467,0.0107236514806,0.113226650378,0.211888947634,0.0842592939409,0.162904959915,0.294736865674,0,0,0.0064436199066,0.0239798220209,0,0,0.00329092378527,0.276559437701,39.9015282066,26.3587153941,13.5428128125,66.2602436007,100.272444413,57.9670979457,42.3053464668,158.239542358,53.9242418803,32.2592271781,21.6650147022,86.1834690583,37.187056108,20.9384403674,16.2486157406,58.1254964753,89.8395161883,47.2204095922,42.619106596,137.059925781,47.0818077733,26.4564215557,20.6253862176,73.5382293291,5.03291773175,2.91957971047,151.139985879,37.8360713708,100.308220244,57.9439706557,5.09229591585,2.90965351011,150.666043177,33.7848931244,89.8656323472,47.2022026525,0.938775604327,0.544034090909,0.817866549318,0.624461206897,0.652148814343,0.783143235463,0.96913468411,0.526991697688,73.7468364824,0.415107061954,0.337638926981,0,0,1,1,1,0,1
0.512959762912,0.0176493638208,0.251530554179,0.178131314732,0,0,0,0,0,0.0078180304213,0.002081428758,0,0.292037851296,0.0560314214342,0.128039281267,52.6755310591,27.4988105446,25.1767205145,80.1743416038,90.1616147773,36.6701510264,53.4914637509,126.831765804,82.2306450171,29.5946138517,52.6360311654,111.825258869,65.7499663254,51.2810121825,14.468954143,117.030978508,100.191305226,56.050782555,44.1405226713,156.242087781,76.4500330623,35.218126992,41.2319060703,111.668160054,4.38398494119,2.88661992081,111.688657828,30.363056953,92.2954029495,35.4176535621,4.68854611665,2.69310052685,110.729146258,33.1089429361,101.400237559,55.3437969053,0.983081840557,0.521787446121,0.8620255288,0.59506330819,0.785565751279,0.652981322157,1.00678586037,0.509502351097,39.7719610931,0.365340420176,0.461573698425,0,1,0,1,1,1,1
0.56502110273,0.0101296104747,0.340475427289,0.0330074643494,0,0,0,0,0,0.000774784153081,0,0,0.108142336308,0.0040072737069,0.0922982205716,36.7555357143,15.3990373352,21.3564983791,52.1545730494,126.538593074,26.4548763042,100.083716769,152.993469378,53.9634686147,13.9852118048,39.97825681,67.9486804195,35.1650574304,20.0921787772,15.0728786532,55.2572362077,116.176010849,34.1464126518,82.0295981975,150.322423501,48.9897261951,20.498175035,28.4915511602,69.4879012301,5.0372360594,3.02712653426,182.363160173,21.2891726534,126.538712121,26.4548873803,5.06579055083,3.01721402038,180.456471028,23.9798777101,116.176901695,34.149647009,0.937471598316,0.602707435345,0.827041454941,0.683183532524,0.609441583307,0.927112816397,0.97333938042,0.58049752645,100.080223654,0.275810260803,0.295973230281,1,1,1,1,1,1,1
0.293491288071,0.00237178212782,0,0.43024029116,0,0,0,0,0,0,0,0,0.0459511433807,0.0197700333072,0.159567302788,35.0182843117,13.1421126606,21.8761716511,48.1603969723,111.874360361,34.6304308009,77.2439295602,146.504791162,53.1341681574,17.4220039718,35.7121641856,70.5561721292,39.4932130437,36.3541261277,3.13908691598,75.8473391714,111.434331529,54.2053481158,57.2289834134,165.639679645,52.3842054026,37.3292574886,15.054947914,89.7134628912,4.99709551063,3.03655233252,174.579211216,19.6578250097,111.874360361,34.6304308009,5.04225801901,3.00489016464,170.339969264,33.7070600079,111.440842966,54.2223901218,0.982553474794,0.298702610697,0.781380427699,0.375606142241,0.791021327052,0.371028287145,0.987838252013,0.297104599334,46.0507501594,0.361524163676,0.376736466913,0,1,0,1,1,0,1
0.489216406586,0.00347750850928,0.1719653751,0.0579018546584,0,0,0,0,0,0.000181470629144,0,0,0.0863382159112,0.00508792123824,0.188712742816,34.2271858248,15.7244858935,18.5026999313,49.9516717183,80.7713521686,44.4356756885,36.3356764801,125.207027857,44.1582028565,23.1646002576,20.9936025989,67.3228031142,33.0523057896,21.7021541389,11.3501516507,54.7544599284,76.5258406397,43.3329013348,33.1929393049,119.858741974,41.5623071366,26.4918972181,15.0704099185,68.0542043546,5.099919942,2.87029612081,144.120696765,36.2937251565,80.8293950792,44.3773525147,5.1050223515,2.8766319081,146.171617849,36.9048562744,76.5634826851,43.3057753273,0.953806287921,0.512909605212,0.8141087369,0.60092268319,0.557192305467,0.878002804034,0.977690542238,0.500379604232,113.944121329,0.163825409672,0.224643618052,1,1,1,1,1,0,1
0.203493295339,0,0.0512563435445,0.301395807882,0.12134541488,0.00767602583485,0,0.368240506999,0.00573684177193,0.0830738415137,0,0.041389956796,2.03143134134E-05,0.01902919279,0,166.135820246,44.301780151,121.834040095,210.437600397,225.524216652,55.7566598184,169.767556834,281.280876471,48.600743974,22.0760673966,26.5246765773,70.6768113706,63.0459229281,71.8697763731,-8.82385344502,134.915699301,92.7503704203,99.5700239009,-6.81965348065,192.320394321,15.9941589929,23.4684203598,-7.47426136689,39.4625793528,5.93140544617,3.10488323812,203.678306259,19.8768703866,225.524471643,55.7557033443,5.46916825285,2.31699070485,153.617919157,107.034689052,92.7627840909,99.5586814634,0.839317986342,0.242450773903,0.705276454985,0.288529829545,0.581106357811,0.350182531311,0.887587372079,0.229265649491,68.1189339554,1,0.388044342769,0,0,0,1,0,0,0
0.446503295186,0.00739365078908,0.234095999293,0.0888844509689,0,0,0,0,0,0.00172091101138,0,0,0,0.000768392437304,0.292822318257,37.398962525,16.1701468022,21.2288157228,53.5691093272,66.4871889628,22.4663016925,44.0208872703,88.9534906552,42.5623100928,16.6642618916,25.8980482012,59.2265719844,35.5666082974,14.3109552698,21.2556530276,49.8775635672,62.4674642437,23.6454132414,38.8220510024,86.1128774851,41.9674673051,18.0913711914,23.8760961137,60.0588384964,5.09857973271,2.8196407661,119.470826148,35.8614215847,66.5833607073,22.3743440687,5.08541892479,2.7321030562,118.824059561,36.8208347717,62.7938626567,23.3650221787,0.972755274795,0.459008865596,0.831639755914,0.536895082288,0.702655298359,0.635451403026,1.00112555095,0.446001298002,67.466381546,0.127936343383,0.24992121553,0,0,0,1,1,0,0
0.29849447665,0,0,0.431679521828,0.0854910148327,0.144720082362,0,0,0.00277884616187,0.00974707061815,0,0,0.0884755517103,0.0411044034091,0,98.5088257553,36.1340882151,62.3747375401,134.64291397,147.128898979,56.4836116928,90.6452872866,203.612510672,40.0311713812,22.8039710982,17.2272002831,62.8351424794,60.3913076754,59.7012856357,0.690022039611,120.092593311,95.4084510923,81.3939547216,14.0144963707,176.802405814,24.6631532866,44.4348131436,-19.7716598569,69.0979664302,5.81877379358,3.0660980009,188.024544395,30.5809690971,147.148943568,56.483058686,5.56060453221,2.66832909547,176.941341962,90.9343155786,95.447020719,81.4271586572,0.966151859025,0.308951924961,0.776610581788,0.384355407524,0.61894415952,0.482263984657,0.977327290233,0.305419156544,111.775708644,1,0.518495684241,0,1,1,1,1,0,1
0.464814013135,0.0114226659022,0.0592589577955,0.378576263235,0.121139837939,0.124807120084,0.000709423349172,0.0385779490327,0.020508383027,0.00588799817179,0.000457183936133,0,0.0411113295324,0.0183005975705,0.0892664378706,30.9001991417,24.0128399319,6.88735920978,54.9130390735,74.5501961841,40.4906628555,34.0595333286,115.04085904,59.942853575,32.8201987508,27.1226548242,92.7630523258,44.0711727322,39.8428462505,4.2283264817,83.9140189826,88.0117493632,51.0223668014,36.9893825618,139.034116165,52.6859326019,38.3649464183,14.3209861836,91.0508790202,4.54549571814,2.81693303764,153.837039033,41.7695699285,76.8717475173,38.8743312344,4.9059850734,2.68439308344,155.154024417,44.183889224,89.1252479673,50.1470523423,0.909841121012,0.510873824451,0.793635032666,0.585677287422,0.698090731295,0.665836104531,0.964333352013,0.482005534875,89.2397894853,0.465796495892,0.507694219937,0,0,0,1,1,1,1
0.407628136237,0.00691967372764,0.121870510057,0.338940695302,0,0,0,0,0,0.0012616953103,0,0,0.00296250770114,0.0015184169279,0.19536515462,20.9536667091,13.418204776,7.53546193318,34.3718714851,52.588824839,21.7991895999,30.7896352391,74.3880144389,32.6615593352,14.5369968918,18.1245624434,47.1985562271,21.9065316418,20.5053084127,1.40122322915,42.4118400545,45.5364634355,27.547184718,17.9892787176,73.0836481535,27.6332472081,16.262777022,11.370470186,43.8960242301,4.89597325356,2.85087285615,154.352968074,45.4396897109,52.6975480312,21.6928630383,4.9889554805,2.7269788316,147.255819578,49.3866905949,45.9347080721,27.7883575043,0.957826571359,0.425576141262,0.844972690569,0.482415752351,0.692366198275,0.588746442637,0.991298411073,0.411206284287,54.2863628326,0.36539431939,0.224893945317,0,0,0,0,1,0,0
0,0,1,0,0,0,0,0,0,0,0,5.81651645768E-05,0,5.81651645768E-05,0,0,0,0,0,0,0,0,0,0,0,0,0,5.40325908601,10.6069669499,-5.2037078639,16.0102260359,26.2334841546,24.7519292022,1.48155495237,50.9854133568,7.77372220317,12.9562069537,-5.18248475056,20.7299291569,3.14159265359,0,0,0,0,0,5.1597518924,2.93888871369,224.677027209,43.9174961768,26.2521306818,24.7368669909,0,0,0,0,0,0,0,0,0,1,1,0,0,0,0,1,0,0
0,0,0.430444151358,0.540775665184,0,0,0,0,0,0,0,0.00445923222555,0,0.00191945043103,0,0,0,0,0,0,0,0,0,0,0,0,0,66.553649711,57.1419975294,9.4116521816,123.69564724,110.578115816,94.5474645366,16.0306512794,205.125580353,35.9739726195,32.0227166607,3.9512559588,67.9966892802,3.14159265359,0,0,0,0,0,5.71249583055,2.99140717888,171.668262637,42.0130554531,110.600634919,94.5242044582,0,0,0,0,0,0,0,0,0,1,1,0,0,0,0,1,0,0
0.817622232082,0.0105684243231,0.0644692239651,0.0822116040284,0,0,0,0,0,0.00402124885039,0,0,0,0.00328786246082,0.310875587697,34.2062689548,18.77839463,15.4278743247,52.9846635848,139.049066425,44.1524739016,94.8965925237,183.201540327,50.5733902241,20.2304075166,30.3429827075,70.8037977407,33.1414576803,17.5019575221,15.6395001582,50.6434152023,125.435785658,49.6657305478,75.7700551105,175.101516206,45.52549471,21.5325562212,23.9929384888,67.0580509312,5.09035160144,3.03038233903,191.420835935,25.5080318507,139.050020007,44.1549086612,5.14403824436,2.98652158466,188.137428977,26.719285725,125.437757151,49.6658754426,0.993262033014,0.823168715713,0.828806409483,0.986505681818,0.578521429842,1.41329636191,1.01747547694,0.803579300549,224.792333847,0.359714269135,0.491218574356,1,1,0,0,1,1,1
0.280018855358,0.00361159452025,0.207259756861,0.26302990926,0.0862220711168,0.00116768373109,0,0.0095942035802,0.0109988390518,0,0,0,0.00372438186671,0.000979623824451,0.628277770678,19.3515364316,8.05426385281,11.2972725788,27.4058002845,39.2219702091,9.29065481669,29.9313153925,48.5126250258,26.7634287833,6.74187411875,20.0215546645,33.505302902,20.4334529291,13.1106592659,7.32279366314,33.544112195,40.0225282866,20.099398285,19.9231300017,60.1219265716,26.3550677165,14.5014609668,11.8536067497,40.8565286833,4.88860599256,2.81494544391,133.518068611,44.6921516741,39.3765729614,9.14070677408,4.98347408349,2.76024276003,131.724569578,46.5629712115,40.2342096885,20.0016732158,0.869385994142,0.322088068182,0.74271524908,0.377020474138,0.485340566953,0.576953328084,0.906512583528,0.308896821121,182.02167688,0.326971803,0.620119584051,0,0,0,0,0,0,0
0.798322826388,0.00322004512032,0,0.252940900351,0,0,0,0,0,6.13551180094E-05,0,0,0,4.89811912226E-05,0.24410126181,4.7043249705,7.85321845098,-3.14889348048,12.5575434215,23.5102453677,18.5465661748,4.96367919298,42.0568115425,6.66287989088,8.81907196556,-2.15619207468,15.4819518564,4.83474970611,7.73356474713,-2.89881504102,12.5683144532,23.5636786099,18.6262790079,4.93739960196,42.1899576179,6.78471235795,8.77759532917,-1.99288297122,15.5623076871,5.05681200844,2.77970690653,202.51603856,75.5017963286,23.5478934543,18.5073426889,5.06991657295,2.79255809512,204.177204766,72.8573730725,23.6005828762,18.5888953919,0.994773700162,0.802517020964,0.856694473952,0.931864101685,0.545465129576,1.46356344907,0.999980601332,0.798338313088,363.091010301,0.286860010853,0.477729162856,1,0,1,1,1,1,1
0.861645002094,0.00966027942329,0.0445051507084,0.0791407594582,0,0,0,0,0,0.000515168131163,0,0,0,0.000443892045455,0.0803298357864,16.1912063334,18.8423545646,-2.65114823122,35.0335608981,71.6650418915,45.4093096297,26.2557322618,117.074351521,20.9575049702,22.2436786248,-1.28617365459,43.2011835949,14.0999767339,18.2713358597,-4.17135912572,32.3713125936,63.6687830623,46.7420030159,16.9267800464,110.410786078,18.1699892241,21.8046310532,-3.63464182902,39.9746202773,5.155341991,2.96242018065,214.470700795,43.3165239216,71.6714037205,45.4046204696,5.16892851498,2.97152224741,218.534972571,42.6148791002,63.6756557357,46.7372986255,1.0004141172,0.861288327782,0.922470756477,0.934062132641,0.613086759031,1.40542099369,1.03783359871,0.830234252547,229.598170807,0.351230218726,0.345415014481,1,1,1,1,1,0,1
1,0.00460095455698,0,0,0,0,0,0,0,0,0,0,0,0,0.121424373041,1.65262233053,3.08230384619,-1.42968151567,4.73492617672,11.4163248188,6.84246695414,4.57385786463,18.2587917729,2.02445079839,3.44010913354,-1.41565833515,5.46455993193,1.65262233053,3.08230384619,-1.42968151567,4.73492617672,11.4163248188,6.84246695414,4.57385786463,18.2587917729,2.02445079839,3.44010913354,-1.41565833515,5.46455993193,5.15255319051,2.86474132215,227.005746106,55.9897536355,11.471514376,6.81260760976,5.15255319051,2.86474132215,227.005746106,55.9897536355,11.471514376,6.81260760976,1.00719034052,0.992860991379,1.00358537462,0.996427434365,0.556931432516,1.79555317157,1.06270373672,0.940996032524,356.792378281,0.284575649563,0.402562573838,0,0,0,0,0,0,0
0.449317457246,0.00418071833997,0.187642359575,0.29803806391,0.121689506395,0.12342396289,0.00309934431649,0.0174062520716,0.0323509316218,0,0,0,0,0,0.157824675308,27.6434325973,11.132165642,16.5112669553,38.7755982393,125.187057634,30.7538064091,94.4332512249,155.940864043,68.9798427868,15.7124586748,53.267384112,84.6923014615,39.4985167998,21.948459447,17.5500573528,61.4469762468,136.00190907,46.8729190879,89.1289899817,182.874828157,58.7591194784,19.935100822,38.8240186564,78.6942203004,4.77868170608,3.01814703179,198.593170032,19.0516375029,125.187253335,30.7533279537,4.97505212088,2.85444059628,193.546963111,22.8453176411,136.00199718,46.8727574226,0.99780594732,0.450305451128,0.892657298653,0.503348214286,0.576345046553,0.779598020202,1.02261769949,0.439379699248,61.3859715439,0.6576524405,0.643574964003,1,1,0,1,1,1,1
0,0,0.936624305139,0,0.0629028102718,0,0,0.00445649535595,0,0,0,0.00364107083295,0,0.00341031543887,0,0,0,0,0,0,0,0,0,0,0,0,0,16.9407572492,27.0307018884,-10.0899446391,43.9714591376,65.2877247012,61.2716444782,4.01608022305,126.559369179,19.5372257053,31.4807602278,-11.9435345225,51.0179859331,3.14159265359,0,0,0,0,0,5.14495709084,2.90979000499,207.57412691,65.6873020032,65.2944871669,61.2649938942,0,0,0,0,0,0,0,0,0,1,1,1,0,0,0,1,0,0
0.403342486093,0,0.787923183086,0,0,0,0,0,0,0.00318775312278,0,0.00163182946916,0,0.00128575626959,0,48.8034007987,25.3952830215,23.4081177771,74.1986838202,123.023081178,49.7575451799,73.2655359983,172.780626358,66.7619668255,29.0913757938,37.6705910317,95.8533426194,41.7601972717,19.3587471121,22.4014501597,61.1189443838,104.849618559,40.6008812768,64.2487372821,145.450499836,55.0108615792,22.8485468699,32.1623147093,77.859408449,4.99389873669,2.96647450301,152.377687184,33.4578380286,123.057460464,49.7066778519,5.04204855452,2.95356381545,153.058829472,31.8568461693,104.872602983,40.5679163005,0.919878818245,0.438473501176,0.827227906583,0.487583268025,0.556565806442,0.724698645559,0.980927388675,0.411184855016,244.179648005,1,0.518473980326,0,0,0,1,1,0,0
0.598939377132,0.00769709407078,0.4008908094,0,0,0,0,0,0,0.00280607218025,0,0,0,0.00168066712382,0.441081514077,6.08985693783,16.8122847323,-10.7224277945,22.9021416702,65.0468412424,31.7067588908,33.3400823515,96.7536001332,6.80527506653,16.58493304,-9.77965797351,23.3902081066,4.62527245788,13.3117339542,-8.68646149631,17.9370064121,56.5977511511,27.501712324,29.096038827,84.0994634751,4.94438185737,13.1721764115,-8.22779455416,18.1165582689,5.21969294792,3.0593555591,244.028745231,20.7100573872,65.0489506561,31.7148939723,5.22959599473,3.06840920816,245.9577476,17.2220441218,56.5990154781,27.507722328,0.997390592206,0.600506343064,0.895262753855,0.669009600313,0.579421689684,1.0336847719,1.03343672875,0.579560761168,107.766307044,0.327324379706,0.662530021877,1,0,0,1,1,0,1
0.45230073539,0.0047127949436,0.0410811133329,0.196194269489,0.0460656818566,0.00481019176932,0,0.0173357549581,0.0012680474022,0.00566196725446,0.000649577265305,0.0119557736901,0.184069902865,0.0376604134013,0.0695237619243,89.3531473017,39.2849656945,50.0681816072,128.638112996,132.872014908,58.2702178395,74.6017970683,191.142232747,19.9953210768,21.2579303011,-1.26260922438,41.2532513779,82.5219037764,49.1205422999,33.4013614765,131.642446076,139.111545479,65.3511042518,73.7604412272,204.462649731,23.1227499265,40.3555335899,-17.2327836634,63.4782835164,5.88348840805,3.07797054336,223.204407505,23.9814381236,132.901600826,58.2753598653,5.75979001958,2.98187680164,221.109123971,46.4877582314,139.155784679,65.3904686036,0.966947970311,0.467761192202,0.785001748133,0.576177997649,0.688668406289,0.65677578826,0.99493430272,0.45460361971,66.5973512845,0.189822520068,0.216428372787,1,1,1,1,1,1,1
1,0.00629553570057,0,0,0,0,0,0,0,7.65331112853E-05,0,0,0,7.65331112853E-05,0.0476097178683,27.7475417565,12.0101281391,15.7374136173,39.7576698956,53.2242879359,24.6694279157,28.5548600202,77.8937158516,32.8885647286,15.4144903118,17.4740744168,48.3030550405,27.7475417565,12.0101281391,15.7374136173,39.7576698956,53.2242879359,24.6694279157,28.5548600202,77.8937158516,32.8885647286,15.4144903118,17.4740744168,48.3030550405,5.10732485508,2.79913396409,126.443656323,37.4145623751,53.3656813284,24.5472276174,5.10732485508,2.79913396409,126.443656323,37.4145623751,53.3656813284,24.5472276174,1.00719034052,0.992860991379,1.00358537462,0.996427434365,0.556931432516,1.79555317157,1.06270373672,0.940996032524,356.792378281,0.354895606129,0.402562573838,0,0,0,0,1,1,0
0.713511005401,0.0226300066461,0,0,0,0,0,0,0,0.00175052713514,0,0,0,0.00124902037618,0.0782109410773,9.72075321371,15.3427533029,-5.62200008921,25.0635065166,33.1116455989,23.9741552309,9.137490368,57.0858008298,12.8239688503,15.8136913036,-2.98972245338,28.6376601539,7.33852125784,13.6019013277,-6.26338006983,20.9404225855,25.2321830917,24.2099782695,1.02220482218,49.4421613612,9.56783282719,14.4223508166,-4.85451798939,23.9901836438,5.1092919769,2.87716432584,201.558249412,50.4013155779,33.1605162495,23.9715503962,4.92658144105,2.6375449634,173.08256392,87.696286905,25.2873512196,24.2016882829,0.973785553946,0.732718823472,0.817202361015,0.873114224138,0.629160443508,1.13406844433,0.993205908715,0.718391825039,137.8776406,0.420092297848,0.367183878622,0,0,1,0,1,0,0
0.421764888361,0.0027150106222,0.624143717538,0,0,0,0,0,0,0.000297593057107,0,0,0,0.000125514302508,0.349085707597,9.26510822887,16.7209264535,-7.45581822459,25.9860346823,37.4474353125,33.5313968555,3.91603845702,70.978832168,12.6548480306,18.6854397783,-6.03059174768,31.3402878089,4.71236101587,11.6992290034,-6.98686798754,16.4115900193,19.9927905809,26.9857356769,-6.99294509599,46.9785262578,5.98329435247,13.5141624033,-7.53086805087,19.4974567558,5.15095179418,2.95171289754,217.426607863,39.4587228611,37.4643014911,33.5203325134,5.04548899547,2.70459493331,195.59686949,85.5202918236,20.0510935051,26.9540640311,0.915222018764,0.460833414969,0.768834300836,0.548577096395,0.641173649763,0.657801343703,0.956650566764,0.44087664087,117.419707921,0.446151722378,0.350179361419,0,0,0,0,0,0,0
0.586426735663,0.00636001559715,0.102974935076,0.0488297817168,0.168518659913,0,0,0.0276552742677,0,0.00315828249374,0,0,0,0.0018521012931,0.0666378260355,25.7485190747,23.3958733095,2.3526457652,49.1443923843,81.4308658198,32.8757641258,48.555101694,114.306629946,31.4879805185,22.0511750065,9.43680551206,53.539155525,19.4939171483,21.6432008799,-2.14928373158,41.1371180282,65.7103313578,35.4345306381,30.2758007197,101.144861996,22.443236922,21.4594938034,0.983743118603,43.9027307254,5.12264254648,2.96323281787,188.441482594,34.4937283446,81.4314967774,32.878175325,5.17782475317,2.96846891299,203.519056745,38.3010309064,65.7110048491,35.4355434748,0.989007180401,0.592944871669,0.876559522297,0.669009600313,0.606621934486,0.966708756023,1.0118735831,0.579545454545,107.618347263,0.272237491376,0.28810283044,1,1,1,1,1,1,1
0.808847899955,0.0215661303706,0.180023141212,0,0,0,0,0,0,0.00867096807517,0,0,0,0.00701349431818,0.284741378939,26.5353958027,25.2636632715,1.27173253117,51.7990590742,124.976671421,50.6008810285,74.3757903927,175.57755245,39.4714370571,26.4385335131,13.032903544,65.9099705702,25.3489144543,23.1831324385,2.16578201582,48.5320468929,117.81825529,48.7791737049,69.039081585,166.597428995,37.3375232661,24.4330531248,12.9044701412,61.7705763909,5.11489687665,3.02479303293,201.937679476,30.0985101212,124.981139642,50.6119699372,5.11611414179,3.02279004911,201.24387429,28.8532060251,117.821870714,48.7890119189,0.957307732693,0.84491942594,0.94636615199,0.854688112265,0.564429725815,1.43303561624,0.997967991327,0.810494832484,162.993734611,0.556176445048,0.523769929246,1,1,0,1,1,0,1
0.580885774421,0.0142247622011,0.457848779696,0,0,0,0,0,0,0.00188142467466,0,0,0,0.00109289282915,0.0870404488221,8.55918562849,18.291634963,-9.73244933455,26.8508205915,61.3532083774,32.4017099348,28.9514984427,93.7549183122,10.0432292736,18.8079354134,-8.7647061398,28.851164687,5.57467794867,14.4876768707,-8.91299892202,20.0623548194,43.5878783797,33.3059685662,10.2819098135,76.8938469459,6.38879126665,15.0597816157,-8.67099034903,21.4485728823,5.21091426293,3.0367229137,236.231905341,24.3064149975,61.3553558928,32.4101211665,5.21722243191,3.03638713238,238.239009845,29.5112804088,43.5915336011,33.3085190132,0.936652253789,0.62017229134,0.892868916507,0.65058348844,0.543975584989,1.06785265819,0.969144769317,0.599379775666,90.8149098566,0.347817478801,0.361741986828,1,1,0,1,1,1,1
0.245499720999,0.00137940878742,0.0583156136671,0.515989861854,0,0,0,0,0,0.0157243768649,0,0.000209983176642,0.106172601041,0.0586488538401,0.0251516189255,95.9575955903,47.7693065593,48.1882890311,143.72690215,138.623859946,65.5342056807,73.0896542653,204.158065627,28.0036332417,24.1259879547,3.87764528695,52.1296211964,77.3704631172,57.210155624,20.1603074932,134.580618741,127.642079129,70.8680676986,56.7740114305,198.510146828,24.4849260384,49.7696476627,-25.2847216243,74.2545737011,5.83110253888,2.99253207953,204.693227488,44.316192193,138.684467892,65.5603776331,5.69644271756,2.90288893814,205.441372575,76.4725432205,127.692805275,70.8765255043,0.956546117618,0.256652258033,0.868482714189,0.282676577194,0.654582429469,0.375047831942,0.980797867799,0.250306132445,57.6094142947,0.594360613661,0.604944702652,1,1,1,1,1,1,1
0.433335530284,0.0037994998156,0.0641809312381,0.22530272297,0.15747637858,0.00707234393842,0,0.525262074369,0.011384281773,0.00247259567498,0,0,0.0133022654961,0.00406850019592,0.156074865598,12.014265285,18.6025094136,-6.5882441286,30.6167746986,78.9572675463,38.1790601385,40.7782074078,117.136327685,12.6823878326,17.7506221104,-5.06823427778,30.433009943,8.89503330721,22.53527764,-13.6402443328,31.4303109472,60.5572926871,43.1764996552,17.3807930319,103.733792342,9.28750122453,22.3454015032,-13.0579002787,31.6329027277,5.22463784186,3.05474675607,233.06197826,25.1665122792,78.9640092143,38.2018418198,5.14586629361,2.91831735853,218.110213803,70.8785032366,60.5704135237,43.1977161696,0.962602437116,0.450170821904,0.727263460924,0.595843945925,0.670807194434,0.645991178806,0.979447080586,0.442428732367,72.177258828,0.532548152856,0.534567594887,1,1,1,1,1,1,1
0.499916779996,0.0221756580767,0.118806136287,0.200534699332,0.214767228894,0.00466537059431,0,0.0491806575192,0.10633809457,0.00659156439981,0,0.00167488057066,0.156947125523,0.0353705427116,0.0759794963261,130.733622666,31.9085578986,98.8250647671,162.642180564,190.830832238,46.1100358184,144.72079642,236.940868057,48.0818362419,17.7776081985,30.3042280435,65.8594444404,118.996427434,43.8241481783,75.1722792561,162.820575613,178.502145988,54.3411438085,124.16100218,232.843289797,43.9426460864,37.6884070945,6.25423899188,81.6310531809,5.84380375847,3.0997793364,190.55013295,18.2354343254,190.838888719,46.1164762094,5.81655495396,3.06786381976,194.475622673,37.1187797699,178.516647482,54.3569041665,0.82667633068,0.604730970807,0.697038627982,0.717200969828,0.560830648661,0.891386341294,0.895063830867,0.558526400862,123.341406267,0.497224018811,0.523162628403,1,1,0,1,1,0,1
0.41008441092,0.00647597376529,0.10978510943,0.396465178695,0.0485058215586,0,0,0.115099825573,0.0154608683967,0.00470995625271,0.000945440658768,0.00312264859563,0.0433947602068,0.0185577488245,0.219749215695,101.19426984,45.7670579775,55.4272118628,146.961327818,174.092074297,72.8767196751,101.215354622,246.968793972,28.1484747378,19.4315451529,8.71692958492,47.5800198908,75.7495254947,52.9867944994,22.7627309953,128.736319994,134.224538965,80.0514834781,54.1730554864,214.276022443,21.4956682259,31.6704998296,-10.1748316037,53.1661680555,5.72817235387,3.04500838664,214.686904194,34.4129649364,174.096892874,72.8731649073,5.66365466748,2.94080208418,211.555198741,61.2330196836,134.242386486,80.0512849606,0.920328219503,0.445584957876,0.763128551028,0.537372648903,0.69373043292,0.591129337073,0.928847531746,0.441498089734,59.5552903645,0.489037410762,0.344762826003,1,1,1,1,1,0,1
0.450422138634,0.0151305540829,0.241373271732,0.23905260772,0.00834578271944,0.0185288022137,0.217052781247,0,0,0.0113774539307,0.020778619001,0.00771123187377,0,0.00700124902038,0.174092849481,127.357750607,36.5302519109,90.8274986964,163.888002518,183.814638151,55.4700604882,128.344577663,239.284698639,58.9139718555,18.2203786354,40.6935932201,77.1343504908,107.726112485,48.4417137509,59.2843987344,156.167826236,160.340195802,72.7856853664,87.5545104359,233.125881169,45.0886712627,23.0114291199,22.0772421428,68.1001003827,5.81415627296,3.07912197338,169.648817359,26.4277912286,183.863368661,55.3902617167,5.81502551469,3.07169433643,182.837302851,26.0169808786,160.364465983,72.7608011815,0.909880240174,0.49503453174,0.834206061617,0.539941100118,0.601582349949,0.748728978955,0.943227369351,0.477532939851,79.2826185001,0.528518058135,0.432004491651,1,1,1,1,1,1,1
1,0.00258303752535,0,0,0,0,0,0,0,0,0,0,0,0,0.043348354232,22.0772280319,5.54221749097,16.535010541,27.6194455229,33.5614193525,7.60737646457,25.9540428879,41.168795817,24.8527319259,6.631397164,18.2213347619,31.4841290899,22.0772280319,5.54221749097,16.535010541,27.6194455229,33.5614193525,7.60737646457,25.9540428879,41.168795817,24.8527319259,6.631397164,18.2213347619,31.4841290899,5.08062607408,2.71142501608,97.5388788205,33.865744645,33.7502295993,7.45780041227,5.08062607408,2.71142501608,97.5388788205,33.865744645,33.7502295993,7.45780041227,1.00719034052,0.992860991379,1.00358537462,0.996427434365,0.556931432516,1.79555317157,1.06270373672,0.940996032524,356.792378281,0.452320170001,0.402562573838,0,0,0,0,0,0,0
0.475217498098,0.0112356129756,0.291567647827,0.158059782985,0.078194894239,0,0,0.0114504624571,0.0270484849175,0.000122396933635,0,0,0.0150103106878,0.00243069161442,0.0648788125097,24.8469786829,23.5161064121,1.33087227084,48.363085095,86.7001711029,46.5816144785,40.1185566244,133.281785581,33.4876690124,21.7372889614,11.750380051,55.2249579738,25.4491452782,29.2879976598,-3.83885238158,54.737142938,86.1305624265,52.4255719464,33.7049904801,138.556134373,28.6789833954,28.0574262003,0.62155719511,56.7364095956,5.069732638,2.95998222712,199.865143894,35.3401817182,86.7005892115,46.5809907198,5.16543443865,2.97227196586,204.79944039,39.1105305237,86.1329931181,52.4283067083,0.940114504265,0.505488954741,0.852795432894,0.557246767241,0.560347092499,0.848077030219,0.974283857772,0.487760824843,158.623507902,0.380924866675,0.406249567186,1,1,1,1,1,1,1
1,0,0,0,0,0,0,0,0,3.36745689655E-05,0,0,0,3.36745689655E-05,0,0.168629996082,2.78760379498,-2.61897379889,2.95623379106,0.341836672218,4.27642692327,-3.93459025105,4.61826359549,0.181046728056,2.97329192681,-2.79224519875,3.15433865486,0.168629996082,2.78760379498,-2.61897379889,2.95623379106,0.341836672218,4.27642692327,-3.93459025105,4.61826359549,0.181046728056,2.97329192681,-2.79224519875,3.15433865486,3.15525965091,3.08648227723,8.01298613832,43.1147934869,0.378290923785,4.32320196424,3.15525965091,3.08648227723,8.01298613832,43.1147934869,0.378290923785,4.32320196424,1.00719034052,0.992860991379,1.00358537462,0.996427434365,0.556931432516,1.79555317157,1.06270373672,0.940996032524,356.792378281,1,0.402562573838,0,0,0,0,0,0,0
0.510919612261,0.0080799757207,0.469788989508,0,0,0,0,0,0,0.000443392666807,0,0,0,0.000226538009404,0.225309666425,21.9303438826,19.4451789232,2.4851649594,41.3755228057,70.4141370624,36.7547772452,33.6593598171,107.168914308,24.1912087649,17.0062834582,7.18492530673,41.1974922231,15.8304852812,18.2181194895,-2.38763420839,34.0486047707,53.4061581603,40.8357686353,12.5703895249,94.2419267956,17.4612834297,17.4476739148,0.0136095148467,34.9089573445,5.15683285009,2.94003870697,198.260685372,35.4643640591,70.4227176716,36.7414753527,5.11358973274,2.849352749,194.18874902,63.3087988501,53.424290385,40.8146116732,0.983308333703,0.519592476489,0.839951266572,0.608272923197,0.601534744187,0.849360102968,0.983905419972,0.519277160071,105.326119713,0.321566794705,0.31414985793,1,1,1,1,1,1,1
0.7541408555,0.0076594938034,0.274334035877,0.0238215461537,0,0,0,0,0,0.00280095403408,0,0.00300180134337,0,0.0029358101489,0.167954850818,16.5622837721,18.3041461523,-1.74186238015,34.8664299244,71.9072060416,40.158154952,31.7490510896,112.065360994,29.1344922269,24.3241278254,4.81036440157,53.4586200523,16.2728252351,18.8833187911,-2.61049355603,35.1561440262,67.1571255388,40.76422713,26.3928984088,107.921352669,25.5022653801,25.0811081631,0.421157217013,50.5833735432,5.05689252679,2.89746263321,204.377166335,34.411810872,71.9320481674,40.1359208279,5.11947999166,2.88023628246,207.139871914,35.0558705527,67.181404903,40.7436898584,0.983239013084,0.766996473354,0.907955370798,0.830592427508,0.650259099106,1.15975440641,1.00107947161,0.753327659679,117.213165086,0.396748124811,0.390839988552,1,1,1,1,1,1,1
1,0.00735457388284,0,0,0,0,0,0,0,5.51038401254E-05,0,0,0,5.51038401254E-05,0.218505094044,2.02846419475,4.79242269415,-2.7639584994,6.8208868889,11.6985881172,8.44181134569,3.25677677148,20.1403994628,2.469325529,5.42768494997,-2.95835942098,7.89701047897,2.02846419475,4.79242269415,-2.7639584994,6.8208868889,11.6985881172,8.44181134569,3.25677677148,20.1403994628,2.469325529,5.42768494997,-2.95835942098,7.89701047897,5.15923617565,2.84939233089,225.211268123,53.1910954192,11.7867144641,8.40148020645,5.15923617565,2.84939233089,225.211268123,53.1910954192,11.7867144641,8.40148020645,1.00719034052,0.992860991379,1.00358537462,0.996427434365,0.556931432516,1.79555317157,1.06270373672,0.940996032524,356.792378281,0.329926853233,0.402562573838,0,0,0,0,0,0,0
0.205318793123,0.00199393065416,0.0461818681234,0.161823015109,0.0638034159099,0,0,0.1473272497,0,0.0169201608397,0,0.0192233905164,0.101114907269,0.0203822981975,0.374943261209,142.060770523,36.3447400735,105.71603045,178.405510597,211.543916257,48.7123905602,162.831525696,260.256306817,47.7568286917,19.484915218,28.2719134737,67.2417439096,80.5265631123,59.8753895861,20.6511735261,140.401952698,126.646398658,87.7458080819,38.900590576,214.39220674,27.5010622796,31.5857444917,-4.08468221207,59.0868067712,5.83631483233,3.09437396623,196.857374392,19.7845945268,211.549254308,48.703553909,5.80889596581,3.01379388511,202.120946806,40.0950809314,126.667867726,87.7299241189,0.951611340772,0.215759086011,0.745878131277,0.275271233346,0.604783325251,0.339491491498,0.993300094582,0.206703688284,100.427711646,0.236871716967,0.189896608717,0,0,0,1,1,0,0
1,0.0102905471399,0,0,0,0,0,0,0,0.000205592105263,0.00570820974873,0,0,0.000205592105263,0.0812969924812,25.9697339051,13.6665683829,12.3031655222,39.636302288,83.9824953008,22.8046686573,61.1778266434,106.787163958,34.8701245301,12.5633950354,22.3067294947,47.4335195655,25.9697339051,13.6665683829,12.3031655222,39.636302288,83.9824953008,22.8046686573,61.1778266434,106.787163958,34.8701245301,12.5633950354,22.3067294947,47.4335195655,5.08856628968,2.984802409,180.169275728,28.2275822828,83.9825540414,22.8045759728,5.08856628968,2.984802409,180.169275728,28.2275822828,83.9825540414,22.8045759728,1.01569118788,0.984551221805,1.00779943465,0.992260925752,0.586089124572,1.70622514235,1.06730196546,0.936941964286,114.582130279,0.396630783546,0.299704372593,1,1,0,1,1,0,1
0.220655308313,0.00225811695172,0.117496993899,0.405366645826,0.176305732912,0.0866489731467,0.369802493421,0.0258448296649,0.0123595555865,0.00302998038029,0,0,0.0976999336521,0.0403115203762,0.065762233673,124.630473557,25.0541348309,99.576338726,149.684608388,182.480124438,34.4143368943,148.065787544,216.894461333,45.6364465952,15.184667038,30.4517795572,60.8211136333,72.1412188969,60.2082337725,11.9329851245,132.349452669,115.422389303,82.2467439223,33.1756453802,197.669133225,25.6383290067,44.4855375858,-18.8472085792,70.1238665925,5.84202745886,3.10617891687,192.374904943,14.9629391005,182.481036986,34.415460726,5.6935294435,2.90456077643,206.314281691,68.2829048092,115.453914822,82.2790306781,0.937812334333,0.235287274687,0.72482105721,0.304427287422,0.619086112599,0.356421027417,0.944992794296,0.233499461207,87.6233081518,0.646945469699,0.626981913431,1,1,1,1,1,1,1
0.173480478594,0.00560329220834,0.143399784483,0.260182637416,0.0587596497749,0,0,0.0251136644093,0,0.0123570529143,0.00382440721688,0.00100336447321,0.02628514672,0.00917172805643,0.100906809005,122.902292087,45.7782079336,77.1240841539,168.680500021,180.159532801,67.7128821349,112.446650666,247.872414935,74.3395450953,34.5929710184,39.7465740769,108.932516114,63.3617138519,60.6196507487,2.74206310315,123.981364601,100.359971958,89.7183712519,10.6416007064,190.07834321,27.910600142,37.8345083436,-9.92390820154,65.7451084856,5.73351319834,3.04635840956,148.116149996,36.2349676363,180.227996839,67.6904485691,5.45343266147,2.48374416347,148.98026058,97.0484761847,100.382561471,89.7250489515,0.810301554525,0.214093725509,0.687390092379,0.252375587774,0.442072495334,0.392425406298,0.861562915676,0.201355554467,218.041130177,0.571430379968,0.537470008208,0,1,0,1,1,0,1
0.52461869103,0.00975976646536,0.13110237213,0.327251153939,0.0283142858926,0.0539711725425,0.250020296152,0,0,0.00376962473778,0.00125467119004,0,0.021225731664,0.00892376077586,0.227231597021,85.9535189779,48.6120527132,37.3414662647,134.565571691,145.254282986,73.7324071022,71.5218758835,218.986690088,25.1937388631,23.2546008273,1.93913803572,48.4483396904,78.4184861138,48.9330936692,29.4853924447,127.351579783,142.943062427,74.1244806162,68.8185818103,217.067543043,19.7065138862,26.8474803958,-7.14096650961,46.5539942819,5.7546558905,3.08670954279,218.994613512,27.146407117,145.255738793,73.7339377763,5.71789233111,3.06538879683,227.699512637,30.5967141622,142.944684928,74.1254012546,0.925678003647,0.566739934365,0.790874467599,0.663340027429,0.531355948307,0.987320632623,0.949138719031,0.552731313676,147.88519148,0.219884430476,0.360362818811,1,0,1,1,1,0,1
0.290551444177,0.00478332545793,0,0.260486056688,0.0463686689409,0.00684026147269,0,0,0.00786790169317,0.0261930502441,0,0,0.104108669182,0.0340878477665,0.138691384586,107.977401664,41.4622548163,66.5151468478,149.43965648,174.279942007,59.0614086014,115.218533406,233.341350608,38.7794482266,32.0847020745,6.69474615209,70.8641503011,69.861196488,58.1154334892,11.7457629988,127.976629977,121.922435222,79.304107556,42.6183276664,201.226542778,21.2755896111,40.2870657868,-19.0114761757,61.5626553979,5.77063114007,3.08709298846,204.087682804,30.580196016,174.281759539,59.0635226768,5.63205524562,2.89162317911,210.158420479,69.7808410376,121.941397066,79.3217876866,0.938702897387,0.309524392633,0.767212892853,0.378710325235,0.654516002806,0.443918014122,0.963742981377,0.301482293299,54.6138905676,0.626685699366,0.665123668244,1,1,1,1,1,1,1
0.370641238225,0.0158100600644,0.321740097636,0.205505377847,0.0432792763461,0,0,0,0.00762826863521,0.00778009372273,0,0.00188394995163,0.198600669154,0.0425248579545,0.216031939721,94.4816897466,33.9913707862,60.4903189604,128.473060533,148.824669444,46.066853732,102.757815712,194.891523176,25.8739111821,20.393566737,5.48034444509,46.2674779191,86.1880173638,45.6489095579,40.539107806,131.836926922,144.732565757,54.8294120487,89.9031537085,199.561977806,28.3138959639,42.4731357838,-14.1592398198,70.7870317477,5.80645551269,3.06955864625,214.112537254,23.2528593146,148.828135549,46.0633554556,5.73814320732,3.03740504519,214.206370004,44.2423365537,144.750232661,54.8557914919,0.818663765729,0.452739273119,0.615282349454,0.602392118926,0.490464406018,0.755694467687,0.815685402639,0.454392388323,187.126106416,0.24987618468,0.262740278768,0,0,0,1,1,0,0
0.426058473938,0.00590026469052,0.170116635261,0.196342497618,0.116178943658,0.00861589756433,0,0.204366711025,0.0615589457673,0.0187583306302,0,0.00318900445885,0.0838602939468,0.0243681426332,0.0710514700794,141.607208163,28.6142808365,112.992927327,170.221489,216.129563365,42.9876152872,173.141948078,259.117178653,40.7814675912,19.3380649346,21.4434026566,60.1195325258,101.231292246,53.3790943086,47.8521979377,154.610386555,153.276642707,77.1295483218,76.1470943849,230.406191028,30.9871546826,28.9719864404,2.01516824223,59.959141123,5.84416332724,3.10304785868,207.413415273,18.412902681,216.130022301,42.9879038208,5.8468979876,3.07899761737,204.702803561,29.2952067771,153.292987118,77.1210298289,0.876629379147,0.48601893123,0.756893541641,0.562904094828,0.544731234085,0.782144381079,0.95697340931,0.445214537618,208.297532921,0.525073515439,0.507245175775,1,1,0,1,1,0,1
0.285364444073,0.00593925756039,0.0217580814163,0.350924760088,0.146309027138,0.0929773822404,0.63965766771,0.0941894924324,0.0192173548988,0.00463439713839,0.00772754101277,0.00159513217085,0.0700853386249,0.0264498432602,0.194135384135,106.168585078,34.6002117451,71.568373333,140.768796823,160.956854447,51.6958792654,109.260975181,212.652733712,33.074406575,17.9838789508,15.0905276242,51.0582855258,67.4230413646,57.9242768279,9.49876453676,125.347318192,110.520259845,83.0496544342,27.470605411,193.569914279,21.053536442,36.8246324362,-15.7710959942,57.8781688782,5.83032656677,3.08540589205,204.813833937,23.3143419978,160.957827012,51.6969713256,5.64301460015,2.82371236916,202.374390796,74.7525330163,110.537228767,83.0727860262,0.895532787426,0.318653262147,0.689467513633,0.413891065831,0.542673519748,0.52584921447,0.951552722925,0.299893465909,267.179442767,0.375809353459,0.373910613063,1,0,0,1,1,0,1
0.599267491087,0.00585703398718,0.203876609176,0.151285720254,0,0,0,0,0,0.00496540762018,0,0,0.047714873776,0.0101942104232,0.113516958993,11.8272104401,23.2063962211,-11.379185781,35.0336066612,89.9950921623,39.6936521849,50.3014399773,129.688744347,20.5569936688,24.5701023911,-4.01310872235,45.1270960599,10.7758314557,26.9650270609,-16.1891956052,37.7408585166,73.4236750588,46.235124703,27.1885503558,119.658799762,17.1018043446,28.989573656,-11.8877693114,46.0913780006,5.12589014032,3.01863999308,232.538795896,27.9390218455,90.0004540515,39.7119275685,5.15261964264,3.00079311851,233.1070637,34.9023103069,73.4379989959,46.2674900703,0.978639491512,0.612347546042,0.886135049743,0.676271061912,0.735177169711,0.815133434194,0.993908839468,0.602940096003,58.8008042354,0.5,0.476774210525,1,1,1,1,1,1,1
0.389860917427,0.00702929315339,0.0753786078009,0.405804823399,0.0982413111208,0.0903211808309,0.349113012172,0.0147898502795,0.0152844300757,0.00676496905835,0,0.00199001948292,0.0547260230164,0.0243099774687,0.303180934715,104.964285714,31.4238905368,73.5403951775,136.388176251,161.584525897,46.9874906044,114.597035293,208.572016502,29.3721503726,19.5759909581,9.7961594145,48.9481413308,72.1508314557,57.5700391139,14.5807923418,129.72087057,114.732207582,83.1119933085,31.6202142738,197.844200891,19.8421887245,33.409464085,-13.5672753605,53.2516528096,5.84158469381,3.06529582754,211.279975888,21.7570537666,161.654529655,46.9569630272,5.64901178893,2.68651498621,183.350460423,90.179137462,114.819244098,83.1002822254,0.972496852611,0.400886559561,0.730513439128,0.533680691614,0.667276326099,0.584257079382,0.985966630096,0.395409850118,93.1104775723,0.564530654226,0.383141427229,1,1,1,1,1,1,1
0.616233963462,0.00798579497434,0.134116888331,0.195735995221,0.140072701053,0.00134648693948,0,0.765429252034,0.0344180876231,0.00377055695789,0,0.000909630265105,0.0235226636252,0.00699818769592,0.192223751546,21.8897943999,24.7584255494,-2.86863114943,46.6482199493,87.3991865281,42.9694227529,44.4297637752,130.368609281,27.5101807991,26.3575655862,1.15261521292,53.8677463853,21.9469533699,27.9594677448,-6.01251437492,49.9064211147,90.5623377498,49.3407239806,41.2216137692,139.90306173,24.9629763421,28.9603281976,-3.99735185553,53.9233045397,5.1407775331,2.96490930612,212.211636616,34.073354149,87.4017063069,42.9774578754,5.18113531888,2.99194441478,215.851302287,35.3756798587,90.5687022433,49.3579656871,0.967897378836,0.636672830133,0.843649766425,0.730438136755,0.64625947252,0.953539545129,0.983853966611,0.626346982759,103.656268862,0.397520277802,0.376923108722,1,1,1,1,1,1,1
0.205167214912,0.00442149721731,0.131377962369,0.603026580698,0.0425858994914,0,0,0.0977872362809,0.00354265486915,0.0760858154472,0.154486369616,0.0357820725811,0.0261057832389,0.0359051926692,0.127800816365,144.361453509,58.7000717337,85.6613817754,203.061525243,196.405842537,77.2793904674,119.126452069,273.685233004,51.4941218383,25.0563515454,26.4377702929,76.5504733836,108.283276551,55.5260024472,52.7572741035,163.809278998,168.61470571,75.5165772319,93.0981284777,244.131282941,35.4273525611,29.5355750088,5.8917775523,64.9629275699,5.90621505017,3.08271192168,188.131385821,19.4032080699,196.405913787,77.2792504123,5.80981129877,3.05261643929,202.856188322,31.413358422,168.619962993,75.5129809482,0.927139602274,0.221290531015,0.804784946237,0.254934210526,0.57226555588,0.358517497348,0.955744059835,0.214667528195,54.4982703293,0.409300537481,0.45543052806,0,0,0,0,0,0,0
0.350260704611,0.0100760287668,0.0513934767986,0.0996581527348,0,0,0,0,0,0.00531823327324,0,0.0374016299482,0.208360300304,0.0242304981203,0.154633888487,97.1844765645,40.2603718516,56.9241047129,137.444848416,144.91252402,59.5095913474,85.402932673,204.422115368,30.0584008689,18.8497366638,11.2086642051,48.9081375327,101.27192493,41.4393165361,59.8326083934,142.711241466,167.468382871,59.4696105054,107.998772366,226.937993377,34.211231203,29.2376949334,4.97353626965,63.4489261364,5.8547366361,3.10046364355,204.593742167,20.0525837088,144.912565795,59.5095145418,5.77081324236,3.05716405803,204.781440907,28.0837657696,167.473331767,59.4765741249,0.929514923662,0.376820958647,0.876694587267,0.399524201128,0.505879835016,0.692379257614,1.00270538282,0.349315671992,176.652517183,0.768619854772,0.755905089603,0,0,0,0,0,0,0
0.499864701464,0.00147983223462,0.107373073887,0.256280169052,0.0393043926524,0,0,0.0394298450841,0.0305759364788,0.00130447720401,0,0.000114044400168,0.117875486809,0.0308734570925,0.143557193934,101.365191657,22.0198269765,79.3453646809,123.385018634,165.835729179,36.6174289982,129.218300181,202.453158177,32.6788874146,12.2661627927,20.4127246219,44.9450502074,86.2576135139,46.5114375635,39.7461759504,132.769051077,143.852223746,61.3650247969,82.4871989492,205.217248543,29.546743363,36.3775432416,-6.83079987854,65.9242866046,5.77821435652,3.10739273945,205.829278434,13.2115848113,165.836120504,36.6173474276,5.72390395981,3.03907188478,210.042665679,43.8011862027,143.865644592,61.3752590065,0.960103275268,0.520636388127,0.830234115286,0.602076802508,0.627666898335,0.796385316463,0.997609921623,0.501062279585,85.1326163528,0.349238136287,0.442275813504,0,1,1,1,1,0,1
0.448383872799,0.00947089748909,0.0727830008375,0.337191322454,0.0613507547906,0.136826408157,0.253389529725,0,0,0.00910100862517,0,0,0.00107130955399,0.004441981779,0.115550292072,101.94650716,34.3577591743,67.5887479857,136.304266334,170.702750944,53.1682437397,117.534507204,223.870994683,27.9302590165,23.1480183608,4.78224065569,51.0782773774,74.4308783552,42.8795832558,31.5512950994,117.310461611,140.37079374,68.8851797065,71.4856140337,209.255973447,16.5888120837,20.6234133545,-4.03460127086,37.2122254382,5.77514986443,3.08535168052,216.560250978,24.8508668425,170.708337307,53.1745755274,5.69508240243,3.04001879295,230.154391776,27.8988442218,140.375404095,68.884546647,0.970862851414,0.461840590713,0.836487466179,0.536031788793,0.699004242427,0.641460874746,0.995130464948,0.450577978056,100.442593982,0.239623042249,0.193579421525,1,1,1,1,1,0,1
0.375320586699,0.0011117769992,0.0546308594951,0.1769840984,0.0772744320103,0,0,0.478812913105,0.0451405324029,0.00247959388909,0,0,0.0434159025726,0.00862068965517,0.287335320676,95.3558212794,25.4167790541,69.9390422254,120.772600333,151.217637626,41.0555949409,110.162042685,192.273232567,23.0961571334,14.5516120299,8.54454510353,37.6477691633,78.0369440635,38.3209368667,39.7160071968,116.35788093,138.855024858,61.5026727373,77.3523521206,200.357697595,19.7987730212,22.8040275623,-3.00525454117,42.6028005835,5.83243086274,3.10185236902,218.193453859,16.2773517778,151.217686466,41.0557166156,5.72283826341,2.99053763485,216.533999069,47.0207679442,138.863930251,61.5076481558,0.95901690839,0.391359717868,0.850213048326,0.441442985893,0.700690037875,0.535644245545,0.994667458247,0.377332729232,104.800450652,0.612004798972,0.589737128869,1,1,1,1,1,0,1
0.491679128058,0.00586369686981,0.183082532827,0.218144638096,0,0,0,0,0,0.0126381699723,0,0,0.367947132922,0.0841190732759,0.159816375487,112.185609071,42.6855443805,69.500064691,154.871153452,166.847104923,61.8003465145,105.046758409,228.647451438,50.1434186994,19.5966519869,30.5467667125,69.7400706863,117.485256661,53.4475789489,64.0376777126,170.93283561,172.734108665,61.3294487697,111.404659895,234.063557434,60.1640839293,52.7151209485,7.44896298076,112.879204878,5.7876139674,3.07953746421,175.901286701,21.8495215068,166.848011575,61.8005456993,5.74938009682,3.01277351248,170.093529585,47.1627429036,172.749225485,61.3485746523,0.851283403942,0.577573961599,0.690617205258,0.71194161442,0.559900963932,0.878153744558,0.884654654917,0.555786515478,130.51060756,0.369132466003,0.354229105118,1,1,1,1,1,1,1
0.274218257787,0.00339506884258,0.0696854086952,0.282711728402,0.101251685529,0.00191636894644,0,0.0248040995038,0.0230873614884,0.0110521860629,0.000983026874116,0.00242669397832,0,0.00318071610502,0.311605364502,120.272166349,54.7429087749,65.5292575744,175.015075124,185.442848074,76.9705900511,108.472258023,262.413438125,25.8499225946,20.5085458077,5.34137678692,46.3584684022,76.8477909483,55.892696342,20.9550946063,132.74048729,136.494731461,89.8258622634,46.6688691972,226.320593724,12.6166089097,15.9964534691,-3.37984455947,28.6130623788,5.82479505676,3.04797968234,222.526156348,25.7247353143,185.450432691,76.9634924938,5.66938343489,2.84459945104,212.231843285,73.8091365789,136.499298957,89.8215916665,0.910685636597,0.301111873041,0.742031207261,0.369550842476,0.573843197104,0.477862696937,0.906565721211,0.302480285071,223.059136864,0.43381758304,0.554819173973,1,1,0,1,1,0,1
0.325997487553,0.00470139000937,0.0851968395607,0.2354648195,0.0575401861862,0.0707475949655,0,0.161931977908,0.0206326443532,0.00507238082949,0.00256886262713,0.00704204016957,0.155585270796,0.0382175744514,0.180135014545,110.397389528,23.2396316999,87.1577578282,133.637021228,151.6983715,30.6829374253,121.015434075,182.381308926,42.2605505791,17.8541239297,24.4064266494,60.1146745087,67.2317789969,60.1068052036,7.12497379331,127.3385842,96.5485770964,77.8170028577,18.7315742387,174.365579954,25.5750361236,41.5876480559,-16.0126119323,67.1626841796,5.88558451947,3.09662997944,184.607810802,23.8642200411,151.700114314,30.6871110609,5.61611270937,2.56746821272,161.372103987,95.2211914369,96.5828976048,77.8311604858,0.957411354307,0.340498873433,0.841225355437,0.387526939655,0.646053084738,0.504598608465,0.971517779184,0.335554834444,115.086900572,0.550854984129,0.45038794145,1,1,1,1,1,1,1
0.274331718875,0.00467754769423,0.119870444749,0.40243352484,0.148468269312,0.206399730849,0.11630610815,0.603888258269,0.0534119206298,0.0722925816305,0,0.00148123933763,0.0119582533277,0.0246773364028,0.217532899749,159.209303878,35.3556334723,123.853670406,194.564937351,227.602760002,36.8647035099,190.738056492,264.467463512,68.5829391798,29.6442782965,38.9386608833,98.2272174763,82.1386749363,65.0983010745,17.0403738618,147.236976011,124.937769397,91.6843662016,33.253403195,216.622135598,33.0838282475,33.2824090878,-0.19858084034,66.3662373352,5.8282422814,3.0708034888,178.815914529,28.6330109009,227.607411941,36.8679025091,5.79742209542,3.03492402085,191.877602126,35.3067892974,124.96586011,91.6625322073,0.906968361208,0.302471101097,0.78016508328,0.351632910462,0.524819870659,0.522715953058,0.918994800184,0.298512808582,150.996488094,0.659427218419,0.547237472473,0,0,0,0,1,0,0
0.412729371235,0.00977746212121,0.108753082934,0.344112592872,0.0456210214787,0,0,0.288716673974,0.020496033948,0.0191681408608,0.00885275208856,0.000795907995244,0.0707788608726,0.032260237069,0.310602033774,132.889185947,43.5431939332,89.3459920135,176.43237988,189.790399028,61.6279835212,128.162415507,251.41838255,56.4022499037,22.3084607947,34.0937891091,78.7107106984,115.995802924,48.0252026649,67.9706002593,164.021005589,179.220369441,64.8019049725,114.418464468,244.022274413,50.5497495837,32.4758277188,18.0739218649,83.0255773024,5.84245459993,3.09317177436,178.012345588,18.1002780945,189.791154427,61.6282957645,5.76783198631,3.04688230837,183.444329815,28.6894452897,179.224998163,64.8056218707,0.963836783865,0.428215002939,0.85829211542,0.480872844828,0.613396878609,0.672858610189,1.00232347139,0.41177262931,121.164479707,0.147028238256,0.273042349453,1,1,1,1,1,0,1
1,0.00617519563664,0,0,0,0,0,0,0,0.000272457876176,0,0,0,0.000272457876176,0.178046630094,27.5459137441,10.3390565645,17.2068571796,37.8849703087,69.3706957778,19.4586156814,49.9120800964,88.8293114592,34.0910866477,11.3502798647,22.740806783,45.4413665124,27.5459137441,10.3390565645,17.2068571796,37.8849703087,69.3706957778,19.4586156814,49.9120800964,88.8293114592,34.0910866477,11.3502798647,22.740806783,45.4413665124,5.11969106579,2.93024377242,157.854694235,29.9687109305,69.3814287813,19.4413146068,5.11969106579,2.93024377242,157.854694235,29.9687109305,69.3814287813,19.4413146068,1.00719034052,0.992860991379,1.00358537462,0.996427434365,0.556931432516,1.79555317157,1.06270373672,0.940996032524,356.792378281,0.570287044959,0.402562573838,1,0,0,1,1,0,1
0.343463424016,0.00126163783499,0.166741807175,0.325836233788,0.062104608938,0,0,0.0445062145321,0.0608559171435,0.0207747275046,0.0436764328059,0.00139533487281,0.010005979086,0.0106074892241,0.261856234185,128.916035831,39.3948572739,89.5211785569,168.310893105,182.120551162,52.2673261677,129.853224994,234.38787733,45.8170383483,28.8547440095,16.9622943388,74.6717823578,81.9867322198,56.5134962958,25.4732359241,138.500228516,122.781164283,76.9352918506,45.8458724323,199.716456134,24.7313810247,28.4583388544,-3.7269578297,53.1897198791,5.86998323591,3.09117010393,195.721038633,29.7709713293,182.127382869,52.2722720023,5.76171415667,2.87794320616,194.47790336,70.9249994274,122.790559488,76.9334859071,0.954253002265,0.359929099726,0.810009300666,0.424024049765,0.666506792358,0.515318715359,0.948829872175,0.361986309757,118.04916905,0.386904432142,0.323685744649,1,1,1,1,1,1,1
0.41703166464,0.0117802548651,0,0.341041655149,0,0,0,0,0,0.0197962090374,0.00124659020913,0,0.0893289458598,0.0384016682331,0.408469029645,113.412170201,44.857151536,68.5550186649,158.269321737,170.365455945,65.014229179,105.351226766,235.379685124,55.1347889985,27.6335918079,27.5011971906,82.7683808064,91.0006608318,55.1120000072,35.8886608246,146.112660839,142.335849389,73.8977456226,68.4381037665,216.233595012,43.2284715695,39.7491826917,3.47928887781,82.9776542613,5.76987167938,3.07536657698,172.866960599,27.2157461073,170.367660438,65.0156540504,5.74707481449,3.0498352028,182.395852914,36.6591373176,142.353251292,73.9040852383,0.937605263976,0.444783834586,0.72149868484,0.578007518797,0.748273677049,0.55732505022,0.967273688998,0.431141329887,37.4847564979,0.5129057049,0.287083552104,0,1,1,1,1,0,1
0.509725575673,0.00541393428453,0,0.289478371923,0.0281197057095,0.00217168407721,0,0,0.00621683265554,0.00582212092234,0.00904724524687,0,0.0784698608343,0.0247783601097,0.145956991578,106.364405561,31.566755515,74.7976500459,137.931161076,161.541910355,45.3865532848,116.15535707,206.92846364,37.4147231544,21.1501665415,16.2645566128,58.5648896959,86.8160327684,49.8310288572,36.9850039112,136.647061626,140.398716081,67.0935505165,73.305165564,207.492266597,30.5270927214,35.4443390939,-4.91724637248,65.9714318153,5.81858307874,3.09897972853,199.720427852,21.584348906,161.544858581,45.3848852894,5.73059785275,2.99739132014,205.594913303,47.947258886,140.415893172,67.1028100702,0.979832625092,0.520216986677,0.786350109789,0.648217084639,0.735080677284,0.693428070449,0.998685957913,0.510396257837,81.3392652558,0.261064567336,0.356035276501,1,1,1,1,1,1,1
0.206589278786,0.00433355086745,0.11734102242,0.34173777343,0.0674847846172,0.0069391994863,0,0.415271427151,0.0161623619788,0.0130994736559,0,0,0.0195047556496,0.00960337480408,0.297386759025,121.042896195,31.1229349714,89.9199612237,152.165831166,201.718345031,44.913727155,156.804617876,246.632072186,51.1716882157,25.7613588963,25.4103293194,76.9330471121,62.7596370494,54.8998595665,7.85977748286,117.659496616,117.513130021,85.46273817,32.0503918506,202.975868191,21.0929846689,28.8514118421,-7.75842717323,49.944396511,5.7209175277,3.1037903995,190.165984485,26.7643584425,201.72004433,44.9119142738,5.544972585,2.87202160543,209.082934341,64.0656301854,117.518334272,85.4643627701,0.962113848548,0.214724358346,0.787872315634,0.262211623237,0.727699228697,0.28389377182,0.991240121195,0.208414968652,28.093554263,0.26245101743,0.43457566048,0,1,0,1,1,0,1
0.346107712041,0.00790867360855,0.0707163187081,0.339693541014,0.0376596690792,0,0,0.53253293409,0.00920943464322,0.0125156821072,0,0,0,0.00664001273511,0.101835525848,128.152708751,58.2664453817,69.8862633691,186.419154133,179.51432279,81.0512069229,98.4631158674,260.565529713,41.6279870411,25.3672410859,16.2607459551,66.995228127,78.5574855505,63.4012097712,15.1562757794,141.958695322,121.609099481,90.8089381904,30.8001612904,212.418037671,18.9680336501,25.3841929373,-6.41615928717,44.3522265873,5.86206307187,3.02660662858,198.655696895,37.4470341422,179.528552891,81.0334951947,5.70899362372,2.75973233885,191.795289234,84.3488730337,121.616501763,90.803675952,0.963804821526,0.359105603448,0.868502341325,0.398510971787,0.729271435698,0.474593813906,0.984947300057,0.35139718848,72.8739105361,0.558417798358,0.496572923856,0,0,0,0,1,0,0
0.934261815032,0.00910461902237,0.109418158672,0.0104234496012,0.0215797202502,0.0230981507571,0,0,0,0.00148108231523,0.000671158638695,0,0,0.00138371865204,0.103740718435,32.7340254126,17.2520106315,15.4820147812,49.9860360441,91.4304886036,42.0899237327,49.3405648709,133.520412336,43.2359215352,18.6078582129,24.6280633224,61.8437797481,33.0354072786,16.9710658927,16.0643413859,50.0064731713,91.2129732808,41.2301390105,49.9828342703,132.443112291,42.566510335,18.5257208255,24.0407895095,61.0922311606,5.05685148583,2.90679689734,162.642703694,38.1943810851,91.4507892324,42.0772489577,5.07610113642,2.90116959974,163.141231142,37.5135968543,91.2321371718,41.2179543829,0.984061999036,0.949393245494,0.941629828605,0.992175254702,0.54916840411,1.7012300927,1.02787837002,0.908922536246,297.547624193,0.509215798266,0.41767448037,1,1,0,1,1,1,1
0.206095181019,0.00266562125438,0.0760906478579,0.516881595654,0,0,0,0,0,0.0312229716631,0.0429609212796,0.0050412234244,0.0685312642384,0.0418666731975,0.283403529342,132.677628168,47.6992519941,84.978376174,180.376880162,182.573656846,65.2948966504,117.278760195,247.868553496,46.2655942171,25.3570564575,20.9085377595,71.6226506746,82.1874050989,64.2616434757,17.9257616233,146.449048575,123.58644568,88.2981991932,35.2882464867,211.884644873,29.5359215811,42.5276230597,-12.9917014786,72.0635446408,5.91037573661,3.09693887147,192.508421099,21.2100394365,182.575701018,65.294403838,5.8297169887,3.02079541018,204.196031911,42.2381707665,123.623401989,88.2997709347,0.975458262591,0.211280368339,0.824057817408,0.250097962382,0.756482997082,0.272438616352,0.986276204617,0.208962945729,21.2195866391,0.110650025576,0.144402522779,0,0,1,1,1,0,1
0.365997221038,0.00668338750077,0,0.297243067241,0.0302239040699,0,0,0,0.00385011207196,0.0263560289312,0.0371020355375,0,0.0015551581958,0.0107299422022,0.157975971914,127.542363117,33.8785639765,93.6637991407,161.420927094,183.051972882,43.3721654385,139.679807444,226.424138321,42.7764122431,27.1952480135,15.5811642295,69.9716602566,69.9384520719,60.1251008538,9.81335121811,130.063552926,110.216579521,85.975190877,24.2413886439,196.191770398,20.4486738342,26.0115376598,-5.56286382557,46.4602114941,5.8649670178,3.08978983957,197.629243408,27.5028611964,183.066708969,43.383802649,5.5523155045,2.54881564215,166.317232808,95.980527594,110.224973673,85.978124943,0.959658280438,0.381382861481,0.842424415756,0.434457043495,0.672162835825,0.544506779505,0.986583608283,0.370974358346,99.0876372577,0.311641330201,0.29734829154,1,1,1,1,1,1,1
0.291253748022,0.00611655026431,0.134331193047,0.231812023154,0.0246973130455,0.0847965501329,0.00961938558407,0,0,0.00638960753104,0,6.09504171931E-05,0.159633867827,0.0386155466301,0.272165146475,85.2475735279,32.8162300828,52.431343445,118.063803611,138.055447247,52.1755584431,85.8798888034,190.23100569,22.6631029495,18.878746664,3.78435628551,41.5418496135,62.7529082582,52.1343951505,10.6185131077,114.887303409,113.619155932,73.77235217,39.8468037616,187.391508102,20.0568396111,42.7724428069,-22.7156031958,62.829282418,5.80531584585,3.08236235373,215.634488397,24.0306650361,138.077689034,52.1684624922,5.61617799559,2.89168635904,211.614704766,68.6213195788,113.656182651,73.8138966739,0.959466960273,0.303557871277,0.790558679743,0.368415091105,0.642996579566,0.452963137406,0.980256597364,0.297119905956,59.0464439246,0.584047203673,0.617719569619,0,1,1,1,1,1,1
0.345101568743,0.0123582546753,0.260835539888,0.317061661557,0,0,0,0,0,0.0131199022947,0,0,0,0.00452769886364,0.364587385343,132.234899566,32.0688943404,100.166005226,164.303793907,210.872878506,47.9591202212,162.913758285,258.831998728,47.4855411026,17.7628721064,29.7226689962,65.248413209,89.0355878967,52.3940412001,36.6415466967,141.429629097,143.656482661,82.1895866325,61.4668960282,225.846069293,30.4581057749,20.9067758037,9.55132997115,51.3648815786,5.77814478629,3.08250760507,196.82483851,18.8991402865,210.873701442,47.959750544,5.78110704676,3.07173814588,203.84153054,24.2046361967,143.65948582,82.1856565222,0.915844745542,0.376812304075,0.653765842796,0.527867236481,0.466280945725,0.740115099935,0.943698447442,0.365690512343,262.230708343,0.486817581421,0.430445268619,0,0,0,1,1,0,0
0.721202420113,0.0177793403546,0,0.0795120268502,0,0,0,0,0,0.000407240740364,0,0,0,0.000293703007519,0.142465986415,3.57273889486,9.28696464734,-5.71422575247,12.8597035422,16.3256762515,16.692363558,-0.366687306482,33.0180398096,4.96491406076,10.9282839315,-5.96336987075,15.8931979923,2.88633693609,8.02959114759,-5.14325421149,10.9159280837,13.248634281,15.2849180835,-2.03628380252,28.5335523646,3.90115425282,9.50412151308,-5.60296726026,13.4052757659,5.0607295302,2.78484091994,201.925424623,76.1257247931,16.3411392277,16.6826388409,5.01784705888,2.70711548908,194.926574248,85.5068418789,13.2697662124,15.2733293272,0.981042748702,0.73513862782,0.847033459814,0.851445018797,0.709835839996,1.01601297015,0.997096682503,0.723302396617,45.5280370906,0.164530369142,0.280910052881,0,0,0,0,0,0,0
0.477503501401,0.0127231566969,0.536259767065,0,0.055094595404,0.115380505572,0.209612956081,0.000508812835915,0,0.000891866467268,0,0,0,0.000425869360902,0.224109701385,10.6967423918,17.7513003897,-7.05455799793,28.4480427815,60.4985304023,46.2054875206,14.2930428817,106.704017923,12.2055293613,18.899143251,-6.69361388963,31.1046726123,7.46625352444,13.6243794106,-6.15812588616,21.090632935,57.4731261748,41.9087208558,15.5644053191,99.3818470306,11.1681302867,16.5206122305,-5.35248194385,27.6887425172,5.10881820173,2.85158627006,205.989161717,73.4036691981,60.5309840181,46.1676639176,5.13685066538,2.95212137363,224.331884398,55.1164657569,57.48876586,41.8897574935,0.803262807099,0.594454887218,0.565162832957,0.844895441729,0.338149850186,1.41210620421,0.842603742715,0.566699953008,159.850422412,0.184236256488,0.213768129723,0,0,1,0,1,0,0
0,0,0.844744642322,0,0,0,0,0,0,0,0,0.000909615046734,0,0.000768392437304,0,0,0,0,0,0,0,0,0,0,0,0,0,6.92993852861,15.5767020558,-8.64676352719,22.5066405844,56.1052850705,62.2870081828,-6.18172311223,118.392293253,14.9847852175,24.140605511,-9.15582029355,39.1253907285,3.14159265359,0,0,0,0,0,4.98117689859,2.7486501026,201.603925842,86.6101588047,56.1305471199,62.265765102,0,0,0,0,0,0,0,0,0,1,1,0,0,0,0,0,0,0
0.655868864591,0.0136928038261,0,0.159837791651,0.169642857143,0,0,0,0.0223440810496,0.00151603199282,0,0,9.52162544726E-05,0.00101207386364,0.323311430645,39.6021963834,16.8080690553,22.7941273282,56.4102654387,116.412569869,40.4378721671,75.974697702,156.850442036,55.2034882372,18.6611547125,36.5423335247,73.8646429498,34.9440721388,23.4467536844,11.4973184544,58.3908258232,105.173432427,40.376696774,64.796735653,145.550129201,46.2722960633,26.5074834666,19.7648125967,72.7797795299,5.02431021552,3.00836572428,167.875607852,24.3318040392,116.415615892,40.4367586745,5.06510451114,2.96249013633,176.897382305,37.3734099291,105.970713271,40.5947905241,0.99299804978,0.660493607955,0.924143266748,0.709704748377,0.524290955022,1.25096353143,1.03676304897,0.632612114448,498.665051823,0.507150897253,0.402122109268,1,1,0,1,1,0,1
0.62775182232,0.0111459725936,0.150430980631,0,0.166071428571,0.000694263055311,0,0.00100833121349,0,0.00222639865309,0,1.68617259782E-05,0,0.00140523538961,0.168946856155,33.7030482683,20.8794541854,12.8235940828,54.5825024537,92.9320883949,39.6253888672,53.3066995278,132.557477262,46.785728709,21.7052622836,25.0804664254,68.4909909925,33.9973797687,24.9783979465,9.01898182215,58.9757777152,96.3391563515,36.8364181121,59.5027382394,133.175574464,44.1959111201,26.1881683562,18.0077427639,70.3840794763,4.99800110357,2.96760071584,161.63820997,35.1741593826,92.9458960649,39.6279634262,5.04516195333,2.94063407568,170.698039265,42.7759032275,97.1907137784,37.2798476104,0.996484423419,0.629966517857,0.933003884668,0.672828733766,0.621847117175,1.00949542899,0.99941799398,0.628117390422,117.590722167,0.51002776565,0.430068912174,1,1,0,1,1,1,1
0.513163823768,0.0105005809142,0.222048796791,0.0263131644703,0.320580854501,0.296221062737,0.649788374023,0.0111566937385,0,0.0101774652433,0,0.000262735480874,0,0.00528104707792,0.218597384422,58.9058137698,40.2675462259,18.638267544,99.1733599957,89.5227506071,57.5534287549,31.9693218523,147.076179362,67.9662566391,42.1381662913,25.8280903478,110.10442293,53.6521585836,38.4050624157,15.2470961679,92.0572209993,99.0582538555,53.6382657296,45.4199881259,152.696519585,62.7103084416,42.0135311197,20.6967773219,104.723839561,4.93662938442,2.66187555868,104.762108318,37.0168855074,94.0228937548,56.0997327947,4.96836494275,2.72526554157,128.850565645,59.0664927568,102.465952212,52.7385284374,0.976520730798,0.525502232143,0.786487318383,0.652475649351,0.59667522029,0.860038772045,0.957203311407,0.53610744724,133.637939849,0.436548486229,0.265132418433,0,0,0,0,1,1,0
0.349533178034,0.00349300721464,0.276586822523,0.271268125442,0,0,0,0,0,0.00179545620267,0,0.000314207300426,0.017130986214,0.00528078467868,0.264403431298,44.4217994984,22.1650829848,22.2567165137,66.5868824832,129.32853036,47.658938068,81.6695922921,176.987468428,69.2048006431,29.3870492532,39.8177513899,98.5918498963,35.8838349824,23.720544425,12.1632905574,59.6043794074,89.6457404732,50.0526542934,39.5930861797,139.698394767,46.0584559904,31.6246830138,14.4337729766,77.6831390042,4.95702983152,2.97486465707,166.331571175,30.3655349256,129.330522618,47.6586049068,5.12220958631,2.88305221607,156.028118265,34.7580653119,89.6750342868,50.027978073,0.981856181722,0.355992236481,0.821134498906,0.42567104232,0.621097781829,0.562766746654,0.996883980337,0.350625734718,100.696906924,0.263680853924,0.301314489061,1,1,1,1,1,1,1
0.325626839196,0.00707182755547,0.119977507069,0.311454923858,0.0279469149533,0,0,0.0218272328844,0,0.00202128534208,0,0,0.105918480529,0.0336500783699,0.082721835375,29.5960192845,16.6981509563,12.8978683283,46.2941702408,107.372633988,41.7530594025,65.6195745855,149.125693391,47.0105614647,21.5829749631,25.4275865016,68.5935364279,37.5155576509,43.3254408672,-5.80988321634,80.8409985181,116.192134845,52.1031791053,64.0889557399,168.29531395,51.927403752,43.6867008934,8.24070285858,95.6141046453,5.02433111313,3.0167388255,184.474909487,24.5300650704,107.373487534,41.7560339497,5.04764201209,2.99172697383,180.15844497,40.5820262054,116.199136094,52.1211390173,0.979799014235,0.33234044377,0.78407755259,0.415299275078,0.652579278197,0.498984338111,0.978537095191,0.332769029193,96.9042614346,0.491705142036,0.493230415068,0,0,0,1,1,0,0
0.381212267675,0.00690643199874,0.221546177738,0.403822789892,0,0,0,0,0,0.00628788013584,0.0168437666765,0,0.00997641311709,0.00642572002351,0.367274617374,45.6440809657,24.8363587853,20.8077221803,70.480439751,139.351609622,43.7593989619,95.5922106598,183.111008584,69.7436940798,26.14178807,43.6019060097,95.8854821498,35.9227321708,24.857835632,11.0648965388,60.7805678029,97.5593835717,49.8046918377,47.754691734,147.364075409,47.4298313822,30.2718667356,17.1579646467,77.7016981178,4.96722209441,3.01139073588,171.844220341,28.5299561676,139.353948559,43.764619354,5.09359022064,2.92591041666,164.980193231,33.5548921786,97.5707716987,49.803538091,0.959606637356,0.397258890086,0.77491209806,0.491942594044,0.641035319924,0.594682158419,0.980405896278,0.388831063871,75.368055771,0.174001731166,0.377221543534,0,1,1,1,1,1,1
0.443454948349,0.012389252086,0.311020059719,0.197739241906,0,0,0,0,0,0.000890532072542,0,0,0.108247509993,0.0217996914185,0.0821186168146,41.7886128992,14.8109305772,26.977682322,56.5995434765,130.043571753,28.7142608705,101.329310883,158.757832624,61.0827118971,16.4863979568,44.5963139403,77.5691098539,41.94808606,35.3323242601,6.61576179982,77.2804103201,114.781314288,47.9101475105,66.8711667773,162.691461798,54.0272457876,36.5005412009,17.5267045867,90.5277869885,5.01187739927,3.01575108299,173.487573573,21.0009840837,130.043619998,28.7144692565,5.0685996158,2.96476678724,168.007334933,33.9196697899,114.784476636,47.9187952018,0.980992114583,0.452047413793,0.825115172066,0.53744612069,0.605985116782,0.731791814795,1.00093434038,0.443040997257,109.427773108,0.310093815302,0.324978185468,0,1,0,1,1,0,1
0.507012233773,0.0216983315662,0.210044541671,0.27809499902,0,0,0,0,0,0.00687120939821,0,0,0.112580827684,0.0347919523903,0.402120487565,36.1795078953,22.3837325223,13.795775373,58.5632404175,126.494034089,40.2626394991,86.2313945901,166.756673588,53.8732779047,24.2279919925,29.6452859122,78.1012698972,37.9140380094,43.8538984121,-5.93986040273,81.7679364215,112.946396209,58.379772466,54.5666237428,171.326168675,50.286184855,44.8417511575,5.44443369756,95.1279360125,5.03693234968,3.04590776599,183.607558227,22.5440443007,126.49803749,40.2752642985,5.06424215172,2.9894480744,176.604329937,39.7017250765,112.95111371,58.3904587124,0.968388178543,0.523563014303,0.87922889363,0.576655564263,0.644569671514,0.786590272828,0.981426038265,0.516607685149,109.500119713,0.311243874429,0.332466651773,0,0,0,1,0,0,0
0.438683472017,0.0102166481306,0.184022275397,0.377977768302,0,0,0,0,0,0.00136777341922,0.0110867089924,0.0105430029119,0.0135985874963,0.00573998334639,0.250275087203,38.3566736558,20.9425836134,17.4140900424,59.2992572691,111.088724339,58.082459424,53.0062649154,169.171183763,57.3105247393,27.2680634416,30.0424612977,84.5785881809,35.9215749902,24.5780630437,11.3435119465,60.4996380339,98.0852517633,51.8647187116,46.2205330517,149.949970475,47.4843198962,29.1424609587,18.3418589374,76.6267808549,4.96289124767,2.94953643989,163.526014057,34.1928456472,111.110799195,58.060022082,5.06497109541,2.93133209979,164.782339832,33.6188364706,98.0979654438,51.8594332714,0.96544175112,0.454386265674,0.775929111086,0.565365399687,0.530859319895,0.826364830713,0.982553761478,0.446472741967,140.706550175,0.604614427888,0.460401972838,1,1,1,1,1,1,1
0.551798822242,0.00666147802185,0.12378943226,0.317409956243,0,0,0,0,0,0.00149238498568,0,0,0.0140041073571,0.00526853938088,0.312711493275,37.8571017062,16.5033210128,21.3537806934,54.360422719,110.23205739,39.4353241673,70.7967332225,149.667381557,52.3631121205,21.4439511004,30.9191610201,73.807063221,34.3619618192,21.3959307668,12.9660310524,55.7578925859,100.085089513,37.6991395589,62.3859499542,137.784229072,45.788722693,25.0431166993,20.7456059937,70.8318393923,5.06212931232,2.98432037292,167.373986262,26.5020484514,110.234051629,39.4386155801,5.08817296734,2.97336830156,171.408102101,29.0434693332,100.087330403,37.7059525266,0.98318021992,0.561238734326,0.839153046483,0.657566369514,0.686508717521,0.803775404682,1.01714573714,0.542497306034,88.8088515363,0.128287696859,0.355837678903,1,1,1,1,1,1,1
0.483286008859,0.0199903646314,0.0709860874209,0.333871274068,0,0,0,0,0,0.00308485033812,0.00236376095026,0,0.0683011915362,0.0242946708464,0.127434438391,28.9751762511,18.0865979761,10.8885782751,47.0617742272,84.5544687174,27.9139062565,56.6405624609,112.468374974,56.4384243306,22.0325864377,34.4058378929,78.4710107683,47.4125318378,46.8880052772,0.524526560542,94.300537115,111.445036981,61.5178904458,49.927146535,172.962927427,56.4257475754,39.2892164099,17.1365311655,95.7149639853,4.7348519948,2.98180101295,168.029584901,29.7031702941,84.5613164301,27.926158989,4.94869683374,2.8217478914,170.357936178,40.1798519366,111.453158675,61.528986084,0.95061284103,0.508394151646,0.823594675086,0.586800793495,0.639175598053,0.756108353215,0.995041281459,0.485694430839,110.654609417,0.273762643317,0.278004748627,1,1,1,1,1,0,1
0.62739885384,0.00396347875945,0.33565893148,0.0406107738452,0.0220295548666,0.0351125201007,0,0,0,0.00578207858162,0,0,0,0.00362766947492,0.151677884865,32.4545180033,22.3911802254,10.0633377779,54.8456982288,95.8853026695,55.7273661228,40.1579365466,151.612668792,46.9192199607,31.4726117491,15.4466082116,78.3918317098,30.5364787422,18.5192011967,12.0172775455,49.0556799388,80.6490099677,50.2193621526,30.429647815,130.86837212,38.3428683386,28.1065128169,10.2363555217,66.4493811555,5.14161712396,2.82935738972,164.814735807,39.8552552566,96.0500771954,55.5499046264,5.259099275,2.7929815605,160.706575113,37.2395959002,80.8071977861,50.0756281522,0.946245833064,0.663040017633,0.702607562824,0.892957729232,0.573962738062,1.09310032208,0.927338214134,0.676558826411,122.308655303,0.341738496304,0.342051179976,1,1,0,1,1,0,1
1,0.00393168900593,0,0,0,0,0,0,0,2.44905956113E-05,0,0,0,2.44905956113E-05,0.118877351097,19.0272672169,8.79934413739,10.2279230795,27.8266113543,48.7820459444,31.5025133221,17.2795326223,80.2845592664,25.429800769,15.3097740302,10.1200267388,40.7395747992,19.0272672169,8.79934413739,10.2279230795,27.8266113543,48.7820459444,31.5025133221,17.2795326223,80.2845592664,25.429800769,15.3097740302,10.1200267388,40.7395747992,5.13092375455,2.82296495294,151.316746057,41.5435120347,48.8470072492,31.4571910902,5.13092375455,2.82296495294,151.316746057,41.5435120347,48.8470072492,31.4571910902,1.00719034052,0.992860991379,1.00358537462,0.996427434365,0.556931432516,1.79555317157,1.06270373672,0.940996032524,356.792378281,0.509016868569,0.402562573838,1,0,0,0,0,0,0
0.687017067064,0.00868402905833,0.116932365619,0.168051549823,0,0,0,0,0,0.00186704960711,0.00669794679245,0,0.0687311552162,0.0128330721003,0.32601249631,21.1110839137,16.2585390999,4.85254481386,37.3696230136,65.6051046975,37.8546101614,27.7504945361,103.459714859,26.8971494693,20.6277685656,6.26938090367,47.5249180349,24.3656017339,30.3304049445,-5.96480321052,54.6960066784,85.3995946806,55.8136156659,29.5859790147,141.213210347,34.2551399638,34.2676273909,-0.0124874271112,68.5227673546,5.18733960544,2.87076525541,179.402857206,35.7949965658,65.6333296246,37.8343250043,5.1471460536,2.9000711512,186.113771062,41.1623014588,85.4220648021,55.8062758035,0.995485401883,0.690132739028,0.853353234641,0.80507934953,0.644555405959,1.06587744159,1.03120116464,0.666229917712,101.015351969,0.441084714769,0.614335555123,1,1,0,1,1,0,1
0.672300500088,0.00340851465978,0,0.365536017503,0,0,0,0,0,0.000318745429418,0,0,0,0.000214292711599,0.306301375714,17.5402232425,8.94821657326,8.59200666926,26.4884398158,57.1305281647,10.7491894138,46.3813387508,67.8797175785,27.8669691164,8.13655178042,19.730417336,36.0035208969,18.2005687941,8.57614707104,9.62442172304,26.7767158651,53.9477217623,10.9924860907,42.9552356716,64.9402078531,25.1663829839,8.46039233893,16.705990645,33.6267753229,4.99202488986,2.94648291195,179.021746352,33.4435872537,57.1315247018,10.7494407834,5.07859550433,2.9036445243,175.563553096,33.4146285194,53.9505320582,10.9895216126,0.995990803224,0.675006734914,0.939178782109,0.715838680447,0.598315292867,1.12365588529,1.01949284235,0.659446022727,253.669174083,0.352804622856,0.58767748566,1,1,0,1,0,0,1
0.520795180827,0.00600609047498,0.213452840237,0.0819533002758,0.0523479037971,0.00975792943711,0,0.000175702631957,0.00237252337842,0,0,0,0,0,0.357335760028,18.2690376741,7.0554966647,11.2135410094,25.3245343388,50.1699111312,16.1721676408,33.9977434904,66.3420787719,31.2706135289,11.4537234235,19.8168901054,42.7243369525,20.2994679418,11.7711759847,8.52829195712,32.0706439265,50.5674317937,25.41253181,25.1548999837,75.9799636037,26.7839715174,11.4593296663,15.3246418511,38.2433011838,4.86282792942,2.88358260349,160.305639686,38.3658390177,50.2029044938,16.1338092289,4.9896204011,2.82525162294,157.133669671,41.2417196944,50.6047095415,25.3794864805,0.906842170121,0.574295283111,0.719923787106,0.723403213166,0.617815155646,0.84296277951,0.951810347154,0.547162764498,226.501622928,0.294868564435,0.450687667265,1,0,1,0,1,1,1
